{"aaa": 11.477029085159302, "bbb": 7.897187948226929}